order_year,order_month,total_revenue,total_orders
2024,1,16151.37,17
2024,2,21265.07,21
2024,3,17841.42,21
2024,4,19038.19,19
2024,5,15453.21,18
2024,6,5926.35,8
2024,7,15170.44,14
2024,8,17361.96,17
2024,9,16500.46,15
2024,10,30236.47,27
2024,11,7186.04,6
2024,12,16644.69,17
